DOCUMENTO,NOMBRE
1012345678,Juan Perez
1023456789,Maria Gomez
1034567890,Carlos Rodriguez
1045678901,Laura Martinez
1056789012,Andres Lopez
1067890123,Paula Hernandez
1078901234,Diego Ramirez
1089012345,Sofia Torres
1090123456,Camilo Vargas
1101234567,Natalia Castro
1112345678,Felipe Moreno
1123456789,Daniela Rojas
1134567890,Jorge Muñoz
1145678901,Valentina Pineda
1156789012,Sebastian Arias
1167890123,Juliana Mejia
1178901234,Ricardo Salazar
1189012345,Tatiana Cruz
1190123456,Mateo Cardenas
1201234567,Luisa Fernanda
1212345678,Oscar Beltran
1223456789,Angela Quintero
1234567890,Hernan Calderon
1245678901,Diana Pulido
1256789012,Cristian Bolaños
